{"before_accuracy": 0.001430139750170608, "before_precision": 0.007693464941070583, "before_recall": 0.001430139750170608, "before_f1": 0.000600219003183194, "_timestamp": 1722602043.2568233, "_runtime": 559.1486053466797, "_step": 0}