{"num_intents": 60, "_timestamp": 1722602799.3118663, "_runtime": 12.439701318740845, "_step": 0, "_wandb": {"runtime": 12}}